{"cameraMode":{"drawMode":0,"name":"Shaded","section":"Shading Mode"},"sceneLighting":true,"audioPlay":false,"sceneViewState":{"showFog":true,"showMaterialUpdate":false,"showSkybox":true,"showFlares":true,"showImageEffects":true,"showParticleSystems":true},"in2DMode":false,"pivot":{"x":-122.06680297851563,"y":-79.03429412841797,"z":-49.65945816040039},"rotation":{"x":0.14458727836608888,"y":-0.8071613311767578,"z":0.2210627645254135,"w":0.5280150175094605},"size":83.25047302246094,"orthographic":false}